Product,Region,Mode,orders,units,current_factory,current_lead,current_dist,baseline_gp,recommended_factory,new_lead,new_dist,lead_change_pct,distance_change_km,profit_delta,profit_pct,score,score_gain,confidence,flag,reassign
Everlasting Gobstopper,Gulf,All,1,4,Secret Factory,5.36495606255827,1608.4989661720945,32.0,Secret Factory,5.36495606255827,1608.4989661720945,0.0,0.0,0.0,0.0,0.5,0.0,19.652101087732778,Insufficient data,False
Everlasting Gobstopper,Interior,All,1,3,Secret Factory,5.431922543512402,1352.2916958489648,24.0,Secret Factory,5.431922543512402,1352.2916958489648,0.0,0.0,0.0,0.0,0.5,0.0,22.34007844015823,Insufficient data,False
Fizzy Lifting Drinks,Atlantic,All,2,9,Sugar Shack,4.017246549124156,1682.2465839431393,20.25,Sugar Shack,4.017246549124156,1682.2465839431393,0.0,0.0,0.0,0.0,0.5,0.0,13.002893952785593,Insufficient data,False
Fizzy Lifting Drinks,Gulf,All,1,4,Sugar Shack,5.410627792865419,2472.1278014230074,9.0,Sugar Shack,5.410627792865419,2472.1278014230074,0.0,0.0,0.0,0.0,0.5,0.0,5.614886025066507,Insufficient data,False
Fizzy Lifting Drinks,Interior,All,2,5,Sugar Shack,4.035376362704699,995.5252646249351,11.25,Sugar Shack,4.035376362704699,995.5252646249351,0.0,0.0,0.0,0.0,0.5,0.0,5.614886025066507,Insufficient data,False
Fizzy Lifting Drinks,Pacific,All,1,3,Sugar Shack,5.4453582642136,2012.8212257830928,6.75,Sugar Shack,5.4453582642136,2012.8212257830928,0.0,0.0,0.0,0.0,0.5,0.0,3.8602341422332236,Insufficient data,False
Fun Dip,Atlantic,All,1,4,Sugar Shack,5.408454923606468,1706.5031965342298,2.4,Sugar Shack,5.408454923606468,1706.5031965342298,0.0,0.0,0.0,0.0,0.5,0.0,19.652101087732778,Insufficient data,False
Fun Dip,Gulf,All,1,1,Sugar Shack,3.6583895225676955,1577.9504047450018,0.6,Sugar Shack,3.6583895225676955,1577.9504047450018,0.0,0.0,0.0,0.0,0.5,0.0,1.9923789121203734,Insufficient data,False
Fun Dip,Interior,All,1,3,Sugar Shack,3.6931944532009537,1060.2234474269676,1.8,Sugar Shack,3.6931944532009537,1060.2234474269676,0.0,0.0,0.0,0.0,0.5,0.0,3.8602341422332236,Insufficient data,False
Hair Toffee,Atlantic,All,1,5,The Other Factory,5.119984460719888,1517.1780953318716,17.5,The Other Factory,5.119984460719888,1517.1780953318716,0.0,0.0,0.0,0.0,0.5,0.0,26.803135176260874,Insufficient data,False
Hair Toffee,Gulf,All,1,2,The Other Factory,0.24870804687711878,959.6722452246731,7.0,The Other Factory,0.24870804687711878,959.6722452246731,0.0,0.0,0.0,0.0,0.5,0.0,5.614886025066507,Insufficient data,False
Hair Toffee,Pacific,All,2,10,The Other Factory,3.7940540422008198,2318.240988722587,35.0,The Other Factory,3.7940540422008198,2318.240988722587,0.0,0.0,0.0,0.0,0.5,0.0,16.570761195927986,Insufficient data,False
Kazookles,Atlantic,All,37,149,The Other Factory,4.10554697285506,1442.2822349272594,37.25,The Other Factory,4.10554697285506,1442.2822349272594,0.0,0.0,0.0,0.0,0.5,0.0,21.6480304383635,Keep current,False
Kazookles,Gulf,All,18,78,The Other Factory,3.6897536473568797,701.593230904382,19.5,The Other Factory,3.6897536473568797,701.593230904382,0.0,0.0,0.0,0.0,0.5,0.0,10.609723286628737,Insufficient data,False
Kazookles,Interior,All,11,39,The Other Factory,4.3805556738159535,877.0479344353541,9.75,The Other Factory,4.3805556738159535,877.0479344353541,0.0,0.0,0.0,0.0,0.5,0.0,9.096985885572868,Insufficient data,False
Kazookles,Pacific,All,30,105,The Other Factory,3.951209444932159,2577.095871088257,26.25,Lot's O' Nuts,4.0489969342525,992.2164680789796,2.474874862575653,-1584.8794030092772,7.098552667028482,27.04210539820374,0.8540377184555821,0.3540377184555821,59.14910038447295,OK,True
Laffy Taffy,Atlantic,All,6,14,Sugar Shack,4.1256055733437025,1723.1866435905858,17.36,Sugar Shack,4.1256055733437025,1723.1866435905858,0.0,0.0,0.0,0.0,0.5,0.0,15.24711728145675,Insufficient data,False
Laffy Taffy,Gulf,All,2,11,Sugar Shack,5.42878587192898,2472.1278014230074,13.64,Sugar Shack,5.42878587192898,2472.1278014230074,0.0,0.0,0.0,0.0,0.5,0.0,5.614886025066507,Insufficient data,False
Laffy Taffy,Interior,All,1,1,Sugar Shack,2.6524945009991,930.8270818229025,1.24,Sugar Shack,2.6524945009991,930.8270818229025,0.0,0.0,0.0,0.0,0.5,0.0,3.8602341422332236,Insufficient data,False
Laffy Taffy,Pacific,All,1,1,Sugar Shack,5.3849400589909475,1812.0139826794693,1.24,Sugar Shack,5.3849400589909475,1812.0139826794693,0.0,0.0,0.0,0.0,0.5,0.0,3.8602341422332236,Insufficient data,False
Lickable Wallpaper,Atlantic,All,11,19,Secret Factory,3.8719580788141794,1241.6669909692764,190.0,Secret Factory,3.8719580788141794,1241.6669909692764,0.0,0.0,0.0,0.0,0.5,0.0,21.955081683951462,Insufficient data,False
Lickable Wallpaper,Gulf,All,3,6,Secret Factory,4.250308430637988,787.2824672663013,60.0,Secret Factory,4.250308430637988,787.2824672663013,0.0,0.0,0.0,0.0,0.5,0.0,17.64678465020902,Insufficient data,False
Lickable Wallpaper,Interior,All,3,5,Secret Factory,4.831466827392592,582.5946868393814,50.0,Secret Factory,4.831466827392592,582.5946868393814,0.0,0.0,0.0,0.0,0.5,0.0,18.67276050196536,Insufficient data,False
Lickable Wallpaper,Pacific,All,10,20,Secret Factory,3.944851610613791,2377.956715584267,200.0,Secret Factory,3.944851610613791,2377.956715584267,0.0,0.0,0.0,0.0,0.5,0.0,17.64678465020902,Insufficient data,False
Nerds,Atlantic,All,4,10,Sugar Shack,5.393416401661185,1694.3748902386844,7.0,Sugar Shack,5.393416401661185,1694.3748902386844,0.0,0.0,0.0,0.0,0.5,0.0,19.652101087732778,Insufficient data,False
SweeTARTS,Atlantic,All,5,24,Sugar Shack,5.045463746964687,1757.3462035806865,16.8,Sugar Shack,5.045463746964687,1757.3462035806865,0.0,0.0,0.0,0.0,0.5,0.0,17.007408394766664,Insufficient data,False
SweeTARTS,Interior,All,4,13,Sugar Shack,5.0267827811604455,1632.6963174008124,9.100000000000001,Sugar Shack,5.0267827811604455,1632.6963174008124,0.0,0.0,0.0,0.0,0.5,0.0,6.452928715374941,Insufficient data,False
SweeTARTS,Pacific,All,1,4,Sugar Shack,3.7219740098680627,2246.745162945271,2.8,Sugar Shack,3.7219740098680627,2246.745162945271,0.0,0.0,0.0,0.0,0.5,0.0,1.9923789121203734,Insufficient data,False
Wonka Bar - Fudge Mallows,Atlantic,All,548,2008,Lot's O' Nuts,4.234905462189996,3221.6202034815697,4819.200000000001,Wicked Choccy's,4.242471057118979,1198.5119869420103,0.1786484963248888,-2023.1082165395594,336.73730564219096,6.987410890649712,0.7876326521125995,0.2876326521125995,58.327817468927954,OK,True
Wonka Bar - Fudge Mallows,Gulf,All,291,1082,Lot's O' Nuts,4.2180656914779915,2661.4506220289136,2596.8,Wicked Choccy's,4.22416834252818,543.9373812013815,0.14467890015363688,-2117.513240827532,191.08237819619302,7.358378704412854,0.7972350099052072,0.29723500990520724,55.76833286618984,OK,True
Wonka Bar - Fudge Mallows,Interior,All,410,1595,Lot's O' Nuts,4.3661356489007686,1753.6658255335062,3828.0,Lot's O' Nuts,4.3661356489007686,1753.6658255335062,0.0,0.0,0.0,0.0,0.5,0.0,58.77143457505372,Keep current,False
Wonka Bar - Fudge Mallows,Pacific,All,569,2229,Lot's O' Nuts,4.310597854219818,1016.2597741284768,5349.6,Lot's O' Nuts,4.310597854219818,1016.2597741284768,0.0,0.0,0.0,0.0,0.5,0.0,59.40952028915002,Keep current,False
Wonka Bar - Milk Chocolate,Atlantic,All,639,2336,Wicked Choccy's,4.347870866348072,1237.2967600476238,4928.96,Wicked Choccy's,4.347870866348072,1237.2967600476238,0.0,0.0,0.0,0.0,0.5,0.0,58.50167544177391,Keep current,False
Wonka Bar - Milk Chocolate,Gulf,All,333,1356,Wicked Choccy's,4.245137442195085,543.0942779735371,2861.16,Wicked Choccy's,4.245137442195085,543.0942779735371,0.0,0.0,0.0,0.0,0.5,0.0,55.7106155706228,Keep current,False
Wonka Bar - Milk Chocolate,Interior,All,499,1869,Wicked Choccy's,4.383878047396576,1521.965023597768,3943.5899999999997,Wicked Choccy's,4.383878047396576,1521.965023597768,0.0,0.0,0.0,0.0,0.5,0.0,57.63566604612209,Keep current,False
Wonka Bar - Milk Chocolate,Pacific,All,666,2706,Wicked Choccy's,4.3851381165650745,3411.384494573757,5709.66,Lot's O' Nuts,4.308595251841657,983.3302812684354,-1.7455063600909804,-2428.0542133053214,565.2283740230808,9.899510198909933,0.8693335285020285,0.3693335285020285,59.412061272121996,OK,True
Wonka Bar - Nutty Crunch Surprise,Atlantic,All,490,1857,Lot's O' Nuts,4.1760222608923385,3229.3117639970815,4623.93,Wicked Choccy's,4.183153212822275,1178.1556616320308,0.17075943288705037,-2051.1561023650506,325.57359292656525,7.0410579945320375,0.7891515638087119,0.2891515638087119,58.29460209120546,OK,True
Wonka Bar - Nutty Crunch Surprise,Gulf,All,296,1088,Lot's O' Nuts,4.29691958854194,2644.065356245404,2709.1200000000003,Wicked Choccy's,4.30289438704979,518.3016811123449,0.13904841328151593,-2125.763675133059,198.8274776016499,7.339190497344152,0.7966980862962609,0.29669808629626093,55.833913782883585,OK,True
Wonka Bar - Nutty Crunch Surprise,Interior,All,452,1694,Lot's O' Nuts,4.312552876647169,1778.7658841279697,4218.060000000001,Lot's O' Nuts,4.312552876647169,1778.7658841279697,0.0,0.0,0.0,0.0,0.5,0.0,58.66993488740797,Keep current,False
Wonka Bar - Nutty Crunch Surprise,Pacific,All,572,2116,Lot's O' Nuts,4.220219417325431,1001.1799749126609,5268.84,Lot's O' Nuts,4.220219417325431,1001.1799749126609,0.0,0.0,0.0,0.0,0.5,0.0,59.365279031191484,Keep current,False
Wonka Bar - Triple Dazzle Caramel,Atlantic,All,558,2086,Wicked Choccy's,4.230695148572525,1163.5996565464,5110.7,Wicked Choccy's,4.230695148572525,1163.5996565464,0.0,0.0,0.0,0.0,0.5,0.0,58.28148515911875,Keep current,False
Wonka Bar - Triple Dazzle Caramel,Gulf,All,328,1195,Wicked Choccy's,4.414348159013228,525.2980590935082,2927.75,Wicked Choccy's,4.414348159013228,525.2980590935082,0.0,0.0,0.0,0.0,0.5,0.0,56.08914694096161,Keep current,False
Wonka Bar - Triple Dazzle Caramel,Interior,All,449,1664,Wicked Choccy's,4.42277922233222,1514.5206395904854,4076.7999999999997,Wicked Choccy's,4.42277922233222,1514.5206395904854,0.0,0.0,0.0,0.0,0.5,0.0,57.740954149906045,Keep current,False
Wonka Bar - Triple Dazzle Caramel,Pacific,All,676,2595,Wicked Choccy's,4.3425453505656995,3432.9524738683776,6357.75,Lot's O' Nuts,4.265738659696189,987.8733328875733,-1.7687021013955533,-2445.0791409808044,533.0569354263496,8.384364522454478,0.8315429448973377,0.3315429448973377,59.40703000414018,OK,True
Wonka Bar -Scrumdiddlyumptious,Atlantic,All,623,2349,Lot's O' Nuts,4.177525360810688,3244.845499158772,5872.5,Wicked Choccy's,4.184888193840674,1208.652883226373,0.1762486734145677,-2036.192615932399,398.595922561229,6.787499745614797,0.7826765380117294,0.28267653801172943,58.259385671576794,OK,True
Wonka Bar -Scrumdiddlyumptious,Gulf,All,310,1203,Lot's O' Nuts,4.3587989517478185,2671.016540415877,3007.5,Wicked Choccy's,4.364315302408822,515.6688321946807,0.12655666668891533,-2155.347708221196,219.47151317462743,7.29747342226525,0.7956256813838973,0.29562568138389733,55.9555371613749,OK,True
Wonka Bar -Scrumdiddlyumptious,Interior,All,459,1723,Lot's O' Nuts,4.474234235605448,1705.8846698273283,4307.5,Lot's O' Nuts,4.474234235605448,1705.8846698273283,0.0,0.0,0.0,0.0,0.5,0.0,58.82572451842933,Keep current,False
Wonka Bar -Scrumdiddlyumptious,Pacific,All,672,2468,Lot's O' Nuts,4.145968591412627,997.8421605083502,6170.0,Lot's O' Nuts,4.145968591412627,997.8421605083502,0.0,0.0,0.0,0.0,0.5,0.0,59.281593344731206,Keep current,False
Wonka Gum,Atlantic,All,37,169,Secret Factory,4.426780958675439,1132.4751865975961,109.85000000000001,Secret Factory,4.426780958675439,1132.4751865975961,0.0,0.0,0.0,0.0,0.5,0.0,26.605921472622835,Keep current,False
Wonka Gum,Gulf,All,26,120,Secret Factory,4.122434692665414,1181.3740177018021,78.0,Secret Factory,4.122434692665414,1181.3740177018021,0.0,0.0,0.0,0.0,0.5,0.0,16.485811975853167,Insufficient data,False
Wonka Gum,Interior,All,29,112,Secret Factory,3.9282049945962254,753.7850697885413,72.8,Secret Factory,3.9282049945962254,753.7850697885413,0.0,0.0,0.0,0.0,0.5,0.0,17.464934025206865,Insufficient data,False
Wonka Gum,Pacific,All,28,77,Secret Factory,3.750914225827177,2254.174559493618,50.05,Secret Factory,3.750914225827177,2254.174559493618,0.0,0.0,0.0,0.0,0.5,0.0,16.805733388717258,Insufficient data,False
